{"cameraMode":{"drawMode":0,"name":"Shaded","section":"Shading Mode"},"sceneLighting":true,"audioPlay":false,"sceneViewState":{"showFog":true,"showMaterialUpdate":false,"showSkybox":true,"showFlares":true,"showImageEffects":true,"showParticleSystems":true},"in2DMode":false,"pivot":{"x":-382.9794616699219,"y":20.06150245666504,"z":819.00341796875},"rotation":{"x":-0.04195762425661087,"y":-0.6952300071716309,"z":-0.04071739315986633,"w":0.7164055109024048},"size":1014.6716918945313,"orthographic":false}