{"cameraMode":{"drawMode":0,"name":"Shaded","section":"Shading Mode"},"sceneLighting":true,"audioPlay":false,"sceneViewState":{"showFog":true,"showMaterialUpdate":false,"showSkybox":true,"showFlares":true,"showImageEffects":true,"showParticleSystems":true},"in2DMode":false,"pivot":{"x":332.8486022949219,"y":38.718589782714847,"z":790.0},"rotation":{"x":0.13316546380519868,"y":-0.4806607961654663,"z":0.07412031292915344,"w":0.8635607957839966},"size":704.6543579101563,"orthographic":false}